{
    "model": {
        "name": "Right-Amygdala",
        "type": "HBR",
        "is_fitted": true,
        "is_from_dict": false,
        "likelihood": {
            "name": "SHASHb",
            "mu": {
                "name": "mu",
                "_dims": null,
                "mapping": "identity",
                "mapping_params": [
                    0,
                    1
                ],
                "slope": {
                    "name": "slope_mu",
                    "_dims": [
                        "mu_covariates"
                    ],
                    "mapping": "identity",
                    "mapping_params": [
                        0,
                        1
                    ],
                    "dist_name": "Normal",
                    "dist_params": [
                        0.0,
                        10.0
                    ],
                    "dims": [
                        "mu_covariates"
                    ],
                    "type": "Prior"
                },
                "intercept": {
                    "name": "intercept_mu",
                    "_dims": null,
                    "mapping": "identity",
                    "mapping_params": [
                        0,
                        1
                    ],
                    "mu": {
                        "name": "mu_intercept_mu",
                        "_dims": null,
                        "mapping": "identity",
                        "mapping_params": [
                            0,
                            1
                        ],
                        "dist_name": "Normal",
                        "dist_params": [
                            1.0,
                            1.0
                        ],
                        "dims": null,
                        "type": "Prior"
                    },
                    "sigma": {
                        "name": "sigma_intercept_mu",
                        "_dims": null,
                        "mapping": "identity",
                        "mapping_params": [
                            0,
                            1
                        ],
                        "dist_name": "Gamma",
                        "dist_params": [
                            3.0,
                            1.0
                        ],
                        "dims": null,
                        "type": "Prior"
                    },
                    "dims": null,
                    "type": "RandomPrior",
                    "sex_sigma": {
                        "name": "sex_sigma_intercept_mu",
                        "_dims": null,
                        "mapping": "identity",
                        "mapping_params": [
                            0,
                            1
                        ],
                        "dist_name": "Gamma",
                        "dist_params": [
                            3.0,
                            1.0
                        ],
                        "dims": null,
                        "type": "Prior"
                    },
                    "site_sigma": {
                        "name": "site_sigma_intercept_mu",
                        "_dims": null,
                        "mapping": "identity",
                        "mapping_params": [
                            0,
                            1
                        ],
                        "dist_name": "Gamma",
                        "dist_params": [
                            3.0,
                            1.0
                        ],
                        "dims": null,
                        "type": "Prior"
                    }
                },
                "basis_function": {
                    "is_fitted": true,
                    "basis_name": "bspline",
                    "min": {
                        "0": -1.519981588138498
                    },
                    "max": {
                        "0": 4.373995258145023
                    },
                    "compute_min": true,
                    "compute_max": true,
                    "basis_column": [
                        0
                    ],
                    "degree": 3,
                    "nknots": 5,
                    "left_expand": 0.05,
                    "right_expand": 0.05,
                    "knot_method": "uniform",
                    "knots": {
                        "0": [
                            -1.814680430452674,
                            -1.814680430452674,
                            -1.814680430452674,
                            -1.814680430452674,
                            -0.19383679772470552,
                            1.427006835003263,
                            3.0478504677312315,
                            4.6686941004591995,
                            4.6686941004591995,
                            4.6686941004591995,
                            4.6686941004591995
                        ]
                    },
                    "basis_function": "BsplineBasisFunction"
                },
                "covariate_dims": [
                    "mu_covariates_0",
                    "mu_covariates_1",
                    "mu_covariates_2",
                    "mu_covariates_3",
                    "mu_covariates_4",
                    "mu_covariates_5",
                    "mu_covariates_6"
                ],
                "one_dimensional": false,
                "dims": null,
                "type": "LinearPrior"
            },
            "sigma": {
                "name": "sigma",
                "_dims": null,
                "mapping": "softplus",
                "mapping_params": [
                    0.0,
                    3.0
                ],
                "slope": {
                    "name": "slope_sigma",
                    "_dims": [
                        "sigma_covariates"
                    ],
                    "mapping": "identity",
                    "mapping_params": [
                        0,
                        1
                    ],
                    "dist_name": "Normal",
                    "dist_params": [
                        0.0,
                        2.0
                    ],
                    "dims": [
                        "sigma_covariates"
                    ],
                    "type": "Prior"
                },
                "intercept": {
                    "name": "intercept_sigma",
                    "_dims": null,
                    "mapping": "identity",
                    "mapping_params": [
                        0,
                        1
                    ],
                    "dist_name": "Normal",
                    "dist_params": [
                        1.0,
                        1.0
                    ],
                    "dims": null,
                    "type": "Prior"
                },
                "basis_function": {
                    "is_fitted": true,
                    "basis_name": "bspline",
                    "min": {
                        "0": -1.519981588138498
                    },
                    "max": {
                        "0": 4.373995258145023
                    },
                    "compute_min": true,
                    "compute_max": true,
                    "basis_column": [
                        0
                    ],
                    "degree": 3,
                    "nknots": 5,
                    "left_expand": 0.05,
                    "right_expand": 0.05,
                    "knot_method": "uniform",
                    "knots": {
                        "0": [
                            -1.814680430452674,
                            -1.814680430452674,
                            -1.814680430452674,
                            -1.814680430452674,
                            -0.19383679772470552,
                            1.427006835003263,
                            3.0478504677312315,
                            4.6686941004591995,
                            4.6686941004591995,
                            4.6686941004591995,
                            4.6686941004591995
                        ]
                    },
                    "basis_function": "BsplineBasisFunction"
                },
                "covariate_dims": [
                    "sigma_covariates_0",
                    "sigma_covariates_1",
                    "sigma_covariates_2",
                    "sigma_covariates_3",
                    "sigma_covariates_4",
                    "sigma_covariates_5",
                    "sigma_covariates_6"
                ],
                "one_dimensional": false,
                "dims": null,
                "type": "LinearPrior"
            },
            "epsilon": {
                "name": "epsilon",
                "_dims": null,
                "mapping": "identity",
                "mapping_params": [
                    0,
                    1
                ],
                "dist_name": "Normal",
                "dist_params": [
                    0.0,
                    1.0
                ],
                "dims": null,
                "type": "Prior"
            },
            "delta": {
                "name": "delta",
                "_dims": null,
                "mapping": "softplus",
                "mapping_params": [
                    0.0,
                    3.0,
                    0.6
                ],
                "dist_name": "Normal",
                "dist_params": [
                    1.0,
                    1.0
                ],
                "dims": null,
                "type": "Prior"
            }
        },
        "_name": "Right-Amygdala",
        "draws": 1500,
        "tune": 500,
        "cores": 16,
        "chains": 4,
        "nuts_sampler": "nutpie",
        "init": "jitter+adapt_diag",
        "progressbar": true,
        "idata_path": "../models/model_to_transfer/model/Right-Amygdala/idata.nc"
    },
    "outscaler": {
        "scaler_type": "standardize",
        "adjust_outliers": false,
        "m": 1727.3897849462367,
        "s": 240.74107717574643,
        "min": 932.4,
        "max": 2612.3
    }
}